delay_ms,power_db_3p6cm,power_db_68cm,point_kind,source_figure,digitization_note
0.0,0.0,0.0,digitized,Evans1965-Fig8,两条曲线在前沿归一化为 0 dB
0.5,-5.5,-9.0,digitized,Evans1965-Fig8,人工读图锚点
1.0,-8.5,-15.5,digitized,Evans1965-Fig8,人工读图锚点
2.0,-11.5,-21.5,digitized,Evans1965-Fig8,人工读图锚点
4.0,-15.5,-24.5,digitized,Evans1965-Fig8,人工读图锚点
6.0,-17.5,-27.0,digitized,Evans1965-Fig8,人工读图锚点
8.0,-19.5,-30.0,digitized,Evans1965-Fig8,人工读图锚点
10.0,-22.5,-35.0,digitized,Evans1965-Fig8,人工读图锚点
11.6,-22.5,-40.0,support_extension,Evans1965-Text-SupportBoundary,论文正文给出的物理雷达深度边界；3.6 cm 上包络保持最后观测值 -22.5 dB，非 Fig.8 定量读图
